id,label,label_id,text
1,人力资源管理,0,专家几点上班?
2,人力资源管理,0,什么时候上晚班
3,人力资源管理,0,你们平时的招聘信息在哪里发布呢
4,人力资源管理,0,医生上下班时间
5,人力资源管理,0,医生下午几点钟上班?
6,人力资源管理,0,医生不下午不上班可以更换么?
7,人力资源管理,0,医生什么时候上班
8,人力资源管理,0,医生几点上班
9,人力资源管理,0,医生大概几点上班
10,人力资源管理,0,医生排班
11,人力资源管理,0,医生是几点上班呀
12,人力资源管理,0,这医生，下周周一上班吗。
13,住院服务,1,产科是否有单间病房？。价格是多少？.
14,住院服务,1,住院还有床位吗。大概要等多久这样
15,住院服务,1,住院部呼吸内科危重症一区电话号码是多少
16,住院服务,1,住院部没有床位怎么办
17,住院服务,1,办理住院之后，早上中午晚上能送饭进去吗？
18,住院服务,1,周六办理住院吗?
19,住院服务,1,怎么绑定新生儿的住院号缴费
20,住院服务,1,肾穿需要住院做吗？
21,住院服务,1,胰腺炎想住院，应该挂哪一个科
22,住院服务,1,脊椎外科什么时候有床位
23,住院服务,1,还没有床位吗？为什么排后面了
24,住院服务,1,这种是要住院嘛
25,住院服务,1,这里可以预约床位吗
26,便民服务,2,医院下午几点开始上班?
27,便民服务,2,医院几点上班几点下班
28,便民服务,2,医院有充电宝租借吗
29,便民服务,2,就诊卡忘记了怎么查询
30,便民服务,2,怎么把邮寄转变自取
31,便民服务,2,想问一下生殖科的电话
32,便民服务,2,我想要放射科的电话号码
33,便民服务,2,我想要输血科电话
34,便民服务,2,有没有什么可以帮助到您?
35,便民服务,2,有没有前台电话?
36,便民服务,2,请问你们星期六一整天都上班吗?
37,便民服务,2,请问有贵院的咨询电话吗?
38,便民服务,2,门诊咨询热线电话是多少?
39,信息化管理,3,为什么挂号记录看不了
40,信息化管理,3,你打字，搜索不出来？
41,信息化管理,3,公众号怎么不见了
42,信息化管理,3,在线加号怎么操作
43,信息化管理,3,小程序可以查到我的病历吗?
44,信息化管理,3,怎么弄账户
45,信息化管理,3,怎么网上建卡
46,信息化管理,3,怎么退出登陆
47,信息化管理,3,有医院二维码吗
48,信息化管理,3,登录不上了。提示什么
49,信息化管理,3,请问小程序可以查看电子病例吗。
50,信息化管理,3,请问电子病历在小程序的哪里查询
51,信息化管理,3,账号如何退出登录
52,健康管理服务,4,今天能体检吗
53,健康管理服务,4,体检报告一般要多久。电子版的有吗
54,健康管理服务,4,体检报告多久
55,健康管理服务,4,体检预约过号了怎么办呀?
56,健康管理服务,4,体重太瘦挂什么科检查，一直吃不胖
57,健康管理服务,4,我们的体检纸质的单子可以领了吗
58,健康管理服务,4,我想做全身体检，网上可以预约么？
59,健康管理服务,4,我想问一下毕业体检要多少钱
60,健康管理服务,4,星期六有体检吗？。糖尿病的体检
61,健康管理服务,4,糖尿病患者，预约看病前需要提前体检吗？
62,健康管理服务,4,耳鸣一年
63,健康管理服务,4,血压高有啥症状？
64,健康管理服务,4,血糖高，失眠体重下降
65,公共卫生服务,5,九价疫苗。是那个科室
66,公共卫生服务,5,九价疫苗站怎么预约
67,公共卫生服务,5,你们医院有哪种避孕方法多
68,公共卫生服务,5,您这边可以预约狂犬疫苗嘛？
69,公共卫生服务,5,想到医院做传染性疾病筛查，需要什么流程。
70,公共卫生服务,5,我想问下婚检现在还有免费的政策吗
71,公共卫生服务,5,打疫苗要预约吗？
72,公共卫生服务,5,狂犬疫苗挂哪个科室
73,公共卫生服务,5,疫苗接种
74,公共卫生服务,5,请问有九价或者四价疫苗吗
75,公共卫生服务,5,请问贵院可以办理健康证吗?
76,公共卫生服务,5,请问贵院可以注射狂犬疫苗吗?
77,其他,6,什么是一体化治疗中心
78,其他,6,医院有可以祛斑激光的吗?
79,其他,6,可以打溶脂针吗。就是瘦腿针
80,其他,6,怎么把英语改成中文。没有转变选项
81,其他,6,我问一下，医院有做试管婴儿的科室吗？
82,其他,6,捐精是去哪个科室
83,其他,6,捐精符合条件可以过来吗？
84,其他,6,新生儿红屁屁
85,其他,6,有没有种眉毛项目
86,其他,6,没有交代吗?
87,其他,6,能做激光脱毛吗
88,其他,6,详细地址是哪里
89,其他,6,请问贵院可以做第三代试管婴儿吗?
90,医保服务,7,为什么医保缴费显示乱码
91,医保服务,7,为什么我绑不了卡？
92,医保服务,7,体检能报销吗
93,医保服务,7,出现这个提示是什么情况，绑定不了就诊卡
94,医保服务,7,化验可以用医保报销吗
95,医保服务,7,如何关联医保报销
96,医保服务,7,帮我查查就诊卡余额
97,医保服务,7,怎么看医保是不是医保共济?
98,医保服务,7,挂号可以刷医保吗
99,医保服务,7,救助基金需要什么资料
100,医保服务,7,甲状腺消融手术报销吗
101,医保服务,7,试管婴儿可以用医保报销吗
102,医保服务,7,请问农村合作医疗可以在你们医院报销多少
103,医疗费用管理,8,住院费用吗?
104,医疗费用管理,8,做乳腺微创费用大概多少？
105,医疗费用管理,8,医生不接诊，如何申请退款
106,医疗费用管理,8,在哪里可以查看以前的消费记录
107,医疗费用管理,8,如何退已缴的门诊费?
108,医疗费用管理,8,怎么查询胚胎费用缴纳
109,医疗费用管理,8,扫码支付的怎么退费
110,医疗费用管理,8,有些检验但已交钱了，没做如何退款？
111,医疗费用管理,8,没做的检查项目如何办理退费?
112,医疗费用管理,8,没检查能退费吗?
113,医疗费用管理,8,能够线下退检查费么?
114,医疗费用管理,8,重复缴费了，这个是会自动退回吗
115,医疗费用管理,8,骨折大概要花多少钱
116,康复护理服务,9,二胎产后，咳嗽，跑步漏尿，阴蒂外翻
117,康复护理服务,9,可以预约推拿吗
118,康复护理服务,9,大腿根走路抽筋痛
119,康复护理服务,9,小孩喜欢扣指甲和鼻子
120,康复护理服务,9,按摩，推拿，正骨挂什么科
121,康复护理服务,9,有针灸埋线吗？
122,康复护理服务,9,术后伤口的线头怎么处理?
123,康复护理服务,9,甲状腺日间手术术后锻炼
124,康复护理服务,9,盆底肌下垂导致大小便失禁，
125,康复护理服务,9,肝性脑病患者治疗
126,康复护理服务,9,腰间盘突出
127,康复护理服务,9,运动康复科有吗
128,急诊服务,10,发热现在现场
129,急诊服务,10,周末急诊可以做磁共振吗
130,急诊服务,10,小孩看儿科急诊可以看吗
131,急诊服务,10,急诊有人上班的吗
132,急诊服务,10,我想问一下急诊新年放假吗
133,急诊服务,10,星期天急诊上班吗
134,急诊服务,10,晚上有没有看神经内科急诊的
135,急诊服务,10,皮肤科有急诊吗？小孩全身瘙痒，很难受
136,急诊服务,10,胸口左边火辣辣的疼
137,急诊服务,10,腰闪了可以去急诊拍片吗
138,急诊服务,10,请问急诊有耳鼻喉科吗
139,急诊服务,10,请问急诊科需要提前预约吗
140,急诊服务,10,需要救护车。怎么联系
141,手术麻醉服务,11,你们医院可以做微创去腋臭吗?
142,手术麻醉服务,11,做全麻胃肠镜检查大概多少钱
143,手术麻醉服务,11,做甲状腺结节消融术需要住院多少天
144,手术麻醉服务,11,切痣手术以后的注意事项有哪些。
145,手术麻醉服务,11,想做近视手术，先要做什么？
146,手术麻醉服务,11,想问下国庆期间会安排手术吗?
147,手术麻醉服务,11,我们在哪里做手术回来现在伤口
148,手术麻醉服务,11,我想做近视矫正手术。该怎么做呢？
149,手术麻醉服务,11,月经来可以做日间手术吗。之前脑出血。
150,手术麻醉服务,11,请问你们这里针对产后可以做阴道紧缩手术吗
151,手术麻醉服务,11,请问怎么预约做手术
152,手术麻醉服务,11,预约做手术都快两个月了怎么还没得?
153,手术麻醉服务,11,麻烦帮看下这个拇指需要怎么样手术。
154,投诉建议管理,12,为什么在线问诊不回信息。挂号费也收了
155,投诉建议管理,12,你们医院投诉电话多少
156,投诉建议管理,12,前面没有回复，怎么结束前面的问诊？
157,投诉建议管理,12,医生一直不回复，怎么下一步呢？
158,投诉建议管理,12,医生怎么不理我
159,投诉建议管理,12,在哪里显示我爽约三次
160,投诉建议管理,12,怎么还没有回复
161,投诉建议管理,12,您要投诉什么事情你
162,投诉建议管理,12,我要投诉。请问去哪里可以投诉。
163,投诉建议管理,12,投诉今天做胸透体检的。让人特别尴尬
164,投诉建议管理,12,投诉建议在哪里填写。我的
165,投诉建议管理,12,有投诉电话吗。需要一个投诉电话
166,投诉建议管理,12,没人回复信息的？。你们的平台怎么回事？
167,检验检查服务,13,医院可以做基因检测吗?
168,检验检查服务,13,宫腔内见一液性暗区
169,检验检查服务,13,想去检查做肠胃镜要提前一天不吃东西吗
170,检验检查服务,13,想问下周末可以做超声和抽血检查吗
171,检验检查服务,13,抽血的上班时间
172,检验检查服务,13,拍了磁共振怎么查不了?
173,检验检查服务,13,有胶囊胃镜么？
174,检验检查服务,13,检查磁共振腰，要多久才出结果?
175,检验检查服务,13,检验报告出结果时间
176,检验检查服务,13,现在做胃镜要多少钱
177,检验检查服务,13,肝功能抽血什么时候可以拿结果
178,检验检查服务,13,预约做核磁共振的电话号码是多少?
179,检验检查服务,13,预约核磁共振检查要提前多少天？
180,病案档案管理,14,医生诊断书在哪里可以查看?
181,病案档案管理,14,去哪里打印详细的病历报告
182,病案档案管理,14,如何查看病历和医嘱？
183,病案档案管理,14,想问下诊断报告可以补开吗?
184,病案档案管理,14,我想问一下这个病历接收吗？
185,病案档案管理,14,病例复印件怎么在小程序拿
186,病案档案管理,14,病例打印错误是联系谁？
187,病案档案管理,14,病历可以线上申请打印吗?
188,病案档案管理,14,病历在哪里领取呢
189,病案档案管理,14,病历报告在哪里下载
190,病案档案管理,14,病历查询、查阅门诊病例
191,病案档案管理,14,病案在哪查看
192,病案档案管理,14,门诊病历在哪查看
193,药品服务,15,互联网取药寄到家怎么操作
194,药品服务,15,如何处方外延
195,药品服务,15,如何查看用药情况
196,药品服务,15,就是我那个药品快递快四天了还没发货。
197,药品服务,15,心脏病发作用什么药？
198,药品服务,15,怎么买肤宝
199,药品服务,15,怎么购买药？。需要买药如何购买？
200,药品服务,15,我之前买过的药在哪里可以查！
201,药品服务,15,我想问一下，我帮家里人买药要怎么去呀
202,药品服务,15,现在药房有华蟾素胶囊了吗?
203,药品服务,15,电子处方怎么开
204,药品服务,15,药可以寄快递吗
205,药品服务,15,药品邮寄 怎么操作
206,行政后勤管理,16,个人联系方式如何修改
207,行政后勤管理,16,为什么非探视时间只能一名家属进入住院楼
208,行政后勤管理,16,住院探望时间是几点到几点?
209,行政后勤管理,16,住院部看望病人时间是怎样的?
210,行政后勤管理,16,医院有没有营养食堂
211,行政后勤管理,16,医院里面能不能停车。有车位就可以
212,行政后勤管理,16,在哪里修改电话号码?
213,行政后勤管理,16,如何修改地址
214,行政后勤管理,16,我想盖公章 是去那里盖章呢
215,行政后勤管理,16,有订饭堂吗
216,行政后勤管理,16,请问住院部家属探视时间是什么时候?
217,行政后勤管理,16,请问住院部放假期间 探视的时间?
218,质量安全管理,17,医生满意度评价怎么评
219,质量安全管理,17,效率不行啊。工作效率不行。严重不行
220,质量安全管理,17,满意度评价是匿名的吗
221,质量安全管理,17,满意度调查写错了
222,质量安全管理,17,满意度调查有一处地方填错，要求撤回
223,质量安全管理,17,满意度调查有的填错了能改吗
224,质量安全管理,17,请问看得到我的满意度评价吗?
225,远程医疗服务,18,医生一般什么时间开线上问诊
226,远程医疗服务,18,可以尽快吗？没挂过号，可以在线问诊吗？
227,远程医疗服务,18,可以问诊吗？。在线问诊是什么功能
228,远程医疗服务,18,在线问诊可以开处方和检查吗
229,远程医疗服务,18,在线问诊可以邮寄药吗
230,远程医疗服务,18,在线问诊就回一句话，就收我问诊费？
231,远程医疗服务,18,想问下怎么结束正在咨询的线上问诊
232,远程医疗服务,18,我还能上网预约
233,远程医疗服务,18,拿药以后如何在线上问诊
234,远程医疗服务,18,线上问诊多久才能接诊
235,远程医疗服务,18,请问是否可以网上问诊后开药邮寄
236,远程医疗服务,18,这在线就诊半天也没回复是怎么回事儿啊?
237,远程医疗服务,18,这边可以在线问诊吗?
238,门诊服务,19,今天产科门诊上班吗
239,门诊服务,19,做肠镜去哪预约？
240,门诊服务,19,国庆期间脊柱骨科有没有安排人门诊
241,门诊服务,19,婴儿多指。婴儿多指应该挂什么科室
242,门诊服务,19,寻常疣挂什么科
243,门诊服务,19,就是线上没有号了，如果到线下可以加号吗
244,门诊服务,19,怎么退号。约多了一个
245,门诊服务,19,怎样取销预约
246,门诊服务,19,我今天预约的九点的号还能退号吗
247,门诊服务,19,我想问一下小孩尿床挂哪个科室
248,门诊服务,19,我明天预约去做胃镜的话大概什么时候能做
249,门诊服务,19,挂号了可以更改时间吗
250,门诊服务,19,看到早上有票可以去吗
